image_id,image_path,split,ma_mask,he_mask,ex_mask,se_mask
IDRiD_27,data/raw/idrid/A. Segmentation/1. Original Images/a. Training Set/IDRiD_27.jpg,train,data/raw/idrid/A. Segmentation/2. All Segmentation Groundtruths/a. Training Set/1. Microaneurysms/IDRiD_27_MA.tif,data/raw/idrid/A. Segmentation/2. All Segmentation Groundtruths/a. Training Set/2. Haemorrhages/IDRiD_27_HE.tif,data/raw/idrid/A. Segmentation/2. All Segmentation Groundtruths/a. Training Set/3. Hard Exudates/IDRiD_27_EX.tif,
IDRiD_33,data/raw/idrid/A. Segmentation/1. Original Images/a. Training Set/IDRiD_33.jpg,train,data/raw/idrid/A. Segmentation/2. All Segmentation Groundtruths/a. Training Set/1. Microaneurysms/IDRiD_33_MA.tif,data/raw/idrid/A. Segmentation/2. All Segmentation Groundtruths/a. Training Set/2. Haemorrhages/IDRiD_33_HE.tif,data/raw/idrid/A. Segmentation/2. All Segmentation Groundtruths/a. Training Set/3. Hard Exudates/IDRiD_33_EX.tif,data/raw/idrid/A. Segmentation/2. All Segmentation Groundtruths/a. Training Set/4. Soft Exudates/IDRiD_33_SE.tif
IDRiD_32,data/raw/idrid/A. Segmentation/1. Original Images/a. Training Set/IDRiD_32.jpg,train,data/raw/idrid/A. Segmentation/2. All Segmentation Groundtruths/a. Training Set/1. Microaneurysms/IDRiD_32_MA.tif,data/raw/idrid/A. Segmentation/2. All Segmentation Groundtruths/a. Training Set/2. Haemorrhages/IDRiD_32_HE.tif,data/raw/idrid/A. Segmentation/2. All Segmentation Groundtruths/a. Training Set/3. Hard Exudates/IDRiD_32_EX.tif,data/raw/idrid/A. Segmentation/2. All Segmentation Groundtruths/a. Training Set/4. Soft Exudates/IDRiD_32_SE.tif
IDRiD_26,data/raw/idrid/A. Segmentation/1. Original Images/a. Training Set/IDRiD_26.jpg,train,data/raw/idrid/A. Segmentation/2. All Segmentation Groundtruths/a. Training Set/1. Microaneurysms/IDRiD_26_MA.tif,data/raw/idrid/A. Segmentation/2. All Segmentation Groundtruths/a. Training Set/2. Haemorrhages/IDRiD_26_HE.tif,data/raw/idrid/A. Segmentation/2. All Segmentation Groundtruths/a. Training Set/3. Hard Exudates/IDRiD_26_EX.tif,
IDRiD_18,data/raw/idrid/A. Segmentation/1. Original Images/a. Training Set/IDRiD_18.jpg,train,data/raw/idrid/A. Segmentation/2. All Segmentation Groundtruths/a. Training Set/1. Microaneurysms/IDRiD_18_MA.tif,data/raw/idrid/A. Segmentation/2. All Segmentation Groundtruths/a. Training Set/2. Haemorrhages/IDRiD_18_HE.tif,data/raw/idrid/A. Segmentation/2. All Segmentation Groundtruths/a. Training Set/3. Hard Exudates/IDRiD_18_EX.tif,data/raw/idrid/A. Segmentation/2. All Segmentation Groundtruths/a. Training Set/4. Soft Exudates/IDRiD_18_SE.tif
IDRiD_30,data/raw/idrid/A. Segmentation/1. Original Images/a. Training Set/IDRiD_30.jpg,train,data/raw/idrid/A. Segmentation/2. All Segmentation Groundtruths/a. Training Set/1. Microaneurysms/IDRiD_30_MA.tif,data/raw/idrid/A. Segmentation/2. All Segmentation Groundtruths/a. Training Set/2. Haemorrhages/IDRiD_30_HE.tif,data/raw/idrid/A. Segmentation/2. All Segmentation Groundtruths/a. Training Set/3. Hard Exudates/IDRiD_30_EX.tif,data/raw/idrid/A. Segmentation/2. All Segmentation Groundtruths/a. Training Set/4. Soft Exudates/IDRiD_30_SE.tif
IDRiD_24,data/raw/idrid/A. Segmentation/1. Original Images/a. Training Set/IDRiD_24.jpg,train,data/raw/idrid/A. Segmentation/2. All Segmentation Groundtruths/a. Training Set/1. Microaneurysms/IDRiD_24_MA.tif,data/raw/idrid/A. Segmentation/2. All Segmentation Groundtruths/a. Training Set/2. Haemorrhages/IDRiD_24_HE.tif,data/raw/idrid/A. Segmentation/2. All Segmentation Groundtruths/a. Training Set/3. Hard Exudates/IDRiD_24_EX.tif,
IDRiD_25,data/raw/idrid/A. Segmentation/1. Original Images/a. Training Set/IDRiD_25.jpg,train,data/raw/idrid/A. Segmentation/2. All Segmentation Groundtruths/a. Training Set/1. Microaneurysms/IDRiD_25_MA.tif,data/raw/idrid/A. Segmentation/2. All Segmentation Groundtruths/a. Training Set/2. Haemorrhages/IDRiD_25_HE.tif,data/raw/idrid/A. Segmentation/2. All Segmentation Groundtruths/a. Training Set/3. Hard Exudates/IDRiD_25_EX.tif,data/raw/idrid/A. Segmentation/2. All Segmentation Groundtruths/a. Training Set/4. Soft Exudates/IDRiD_25_SE.tif
IDRiD_31,data/raw/idrid/A. Segmentation/1. Original Images/a. Training Set/IDRiD_31.jpg,train,data/raw/idrid/A. Segmentation/2. All Segmentation Groundtruths/a. Training Set/1. Microaneurysms/IDRiD_31_MA.tif,data/raw/idrid/A. Segmentation/2. All Segmentation Groundtruths/a. Training Set/2. Haemorrhages/IDRiD_31_HE.tif,data/raw/idrid/A. Segmentation/2. All Segmentation Groundtruths/a. Training Set/3. Hard Exudates/IDRiD_31_EX.tif,data/raw/idrid/A. Segmentation/2. All Segmentation Groundtruths/a. Training Set/4. Soft Exudates/IDRiD_31_SE.tif
IDRiD_19,data/raw/idrid/A. Segmentation/1. Original Images/a. Training Set/IDRiD_19.jpg,train,data/raw/idrid/A. Segmentation/2. All Segmentation Groundtruths/a. Training Set/1. Microaneurysms/IDRiD_19_MA.tif,data/raw/idrid/A. Segmentation/2. All Segmentation Groundtruths/a. Training Set/2. Haemorrhages/IDRiD_19_HE.tif,data/raw/idrid/A. Segmentation/2. All Segmentation Groundtruths/a. Training Set/3. Hard Exudates/IDRiD_19_EX.tif,data/raw/idrid/A. Segmentation/2. All Segmentation Groundtruths/a. Training Set/4. Soft Exudates/IDRiD_19_SE.tif
IDRiD_35,data/raw/idrid/A. Segmentation/1. Original Images/a. Training Set/IDRiD_35.jpg,train,data/raw/idrid/A. Segmentation/2. All Segmentation Groundtruths/a. Training Set/1. Microaneurysms/IDRiD_35_MA.tif,data/raw/idrid/A. Segmentation/2. All Segmentation Groundtruths/a. Training Set/2. Haemorrhages/IDRiD_35_HE.tif,data/raw/idrid/A. Segmentation/2. All Segmentation Groundtruths/a. Training Set/3. Hard Exudates/IDRiD_35_EX.tif,data/raw/idrid/A. Segmentation/2. All Segmentation Groundtruths/a. Training Set/4. Soft Exudates/IDRiD_35_SE.tif
IDRiD_21,data/raw/idrid/A. Segmentation/1. Original Images/a. Training Set/IDRiD_21.jpg,train,data/raw/idrid/A. Segmentation/2. All Segmentation Groundtruths/a. Training Set/1. Microaneurysms/IDRiD_21_MA.tif,data/raw/idrid/A. Segmentation/2. All Segmentation Groundtruths/a. Training Set/2. Haemorrhages/IDRiD_21_HE.tif,data/raw/idrid/A. Segmentation/2. All Segmentation Groundtruths/a. Training Set/3. Hard Exudates/IDRiD_21_EX.tif,
IDRiD_09,data/raw/idrid/A. Segmentation/1. Original Images/a. Training Set/IDRiD_09.jpg,train,data/raw/idrid/A. Segmentation/2. All Segmentation Groundtruths/a. Training Set/1. Microaneurysms/IDRiD_09_MA.tif,data/raw/idrid/A. Segmentation/2. All Segmentation Groundtruths/a. Training Set/2. Haemorrhages/IDRiD_09_HE.tif,data/raw/idrid/A. Segmentation/2. All Segmentation Groundtruths/a. Training Set/3. Hard Exudates/IDRiD_09_EX.tif,
IDRiD_08,data/raw/idrid/A. Segmentation/1. Original Images/a. Training Set/IDRiD_08.jpg,train,data/raw/idrid/A. Segmentation/2. All Segmentation Groundtruths/a. Training Set/1. Microaneurysms/IDRiD_08_MA.tif,data/raw/idrid/A. Segmentation/2. All Segmentation Groundtruths/a. Training Set/2. Haemorrhages/IDRiD_08_HE.tif,data/raw/idrid/A. Segmentation/2. All Segmentation Groundtruths/a. Training Set/3. Hard Exudates/IDRiD_08_EX.tif,data/raw/idrid/A. Segmentation/2. All Segmentation Groundtruths/a. Training Set/4. Soft Exudates/IDRiD_08_SE.tif
IDRiD_20,data/raw/idrid/A. Segmentation/1. Original Images/a. Training Set/IDRiD_20.jpg,train,data/raw/idrid/A. Segmentation/2. All Segmentation Groundtruths/a. Training Set/1. Microaneurysms/IDRiD_20_MA.tif,data/raw/idrid/A. Segmentation/2. All Segmentation Groundtruths/a. Training Set/2. Haemorrhages/IDRiD_20_HE.tif,data/raw/idrid/A. Segmentation/2. All Segmentation Groundtruths/a. Training Set/3. Hard Exudates/IDRiD_20_EX.tif,
IDRiD_34,data/raw/idrid/A. Segmentation/1. Original Images/a. Training Set/IDRiD_34.jpg,train,data/raw/idrid/A. Segmentation/2. All Segmentation Groundtruths/a. Training Set/1. Microaneurysms/IDRiD_34_MA.tif,data/raw/idrid/A. Segmentation/2. All Segmentation Groundtruths/a. Training Set/2. Haemorrhages/IDRiD_34_HE.tif,data/raw/idrid/A. Segmentation/2. All Segmentation Groundtruths/a. Training Set/3. Hard Exudates/IDRiD_34_EX.tif,
IDRiD_22,data/raw/idrid/A. Segmentation/1. Original Images/a. Training Set/IDRiD_22.jpg,train,data/raw/idrid/A. Segmentation/2. All Segmentation Groundtruths/a. Training Set/1. Microaneurysms/IDRiD_22_MA.tif,data/raw/idrid/A. Segmentation/2. All Segmentation Groundtruths/a. Training Set/2. Haemorrhages/IDRiD_22_HE.tif,data/raw/idrid/A. Segmentation/2. All Segmentation Groundtruths/a. Training Set/3. Hard Exudates/IDRiD_22_EX.tif,data/raw/idrid/A. Segmentation/2. All Segmentation Groundtruths/a. Training Set/4. Soft Exudates/IDRiD_22_SE.tif
IDRiD_36,data/raw/idrid/A. Segmentation/1. Original Images/a. Training Set/IDRiD_36.jpg,train,data/raw/idrid/A. Segmentation/2. All Segmentation Groundtruths/a. Training Set/1. Microaneurysms/IDRiD_36_MA.tif,data/raw/idrid/A. Segmentation/2. All Segmentation Groundtruths/a. Training Set/2. Haemorrhages/IDRiD_36_HE.tif,data/raw/idrid/A. Segmentation/2. All Segmentation Groundtruths/a. Training Set/3. Hard Exudates/IDRiD_36_EX.tif,
IDRiD_37,data/raw/idrid/A. Segmentation/1. Original Images/a. Training Set/IDRiD_37.jpg,train,data/raw/idrid/A. Segmentation/2. All Segmentation Groundtruths/a. Training Set/1. Microaneurysms/IDRiD_37_MA.tif,data/raw/idrid/A. Segmentation/2. All Segmentation Groundtruths/a. Training Set/2. Haemorrhages/IDRiD_37_HE.tif,data/raw/idrid/A. Segmentation/2. All Segmentation Groundtruths/a. Training Set/3. Hard Exudates/IDRiD_37_EX.tif,
IDRiD_23,data/raw/idrid/A. Segmentation/1. Original Images/a. Training Set/IDRiD_23.jpg,train,data/raw/idrid/A. Segmentation/2. All Segmentation Groundtruths/a. Training Set/1. Microaneurysms/IDRiD_23_MA.tif,data/raw/idrid/A. Segmentation/2. All Segmentation Groundtruths/a. Training Set/2. Haemorrhages/IDRiD_23_HE.tif,data/raw/idrid/A. Segmentation/2. All Segmentation Groundtruths/a. Training Set/3. Hard Exudates/IDRiD_23_EX.tif,data/raw/idrid/A. Segmentation/2. All Segmentation Groundtruths/a. Training Set/4. Soft Exudates/IDRiD_23_SE.tif
IDRiD_44,data/raw/idrid/A. Segmentation/1. Original Images/a. Training Set/IDRiD_44.jpg,train,data/raw/idrid/A. Segmentation/2. All Segmentation Groundtruths/a. Training Set/1. Microaneurysms/IDRiD_44_MA.tif,data/raw/idrid/A. Segmentation/2. All Segmentation Groundtruths/a. Training Set/2. Haemorrhages/IDRiD_44_HE.tif,data/raw/idrid/A. Segmentation/2. All Segmentation Groundtruths/a. Training Set/3. Hard Exudates/IDRiD_44_EX.tif,
IDRiD_50,data/raw/idrid/A. Segmentation/1. Original Images/a. Training Set/IDRiD_50.jpg,train,data/raw/idrid/A. Segmentation/2. All Segmentation Groundtruths/a. Training Set/1. Microaneurysms/IDRiD_50_MA.tif,data/raw/idrid/A. Segmentation/2. All Segmentation Groundtruths/a. Training Set/2. Haemorrhages/IDRiD_50_HE.tif,data/raw/idrid/A. Segmentation/2. All Segmentation Groundtruths/a. Training Set/3. Hard Exudates/IDRiD_50_EX.tif,data/raw/idrid/A. Segmentation/2. All Segmentation Groundtruths/a. Training Set/4. Soft Exudates/IDRiD_50_SE.tif
IDRiD_51,data/raw/idrid/A. Segmentation/1. Original Images/a. Training Set/IDRiD_51.jpg,train,data/raw/idrid/A. Segmentation/2. All Segmentation Groundtruths/a. Training Set/1. Microaneurysms/IDRiD_51_MA.tif,data/raw/idrid/A. Segmentation/2. All Segmentation Groundtruths/a. Training Set/2. Haemorrhages/IDRiD_51_HE.tif,data/raw/idrid/A. Segmentation/2. All Segmentation Groundtruths/a. Training Set/3. Hard Exudates/IDRiD_51_EX.tif,data/raw/idrid/A. Segmentation/2. All Segmentation Groundtruths/a. Training Set/4. Soft Exudates/IDRiD_51_SE.tif
IDRiD_45,data/raw/idrid/A. Segmentation/1. Original Images/a. Training Set/IDRiD_45.jpg,train,data/raw/idrid/A. Segmentation/2. All Segmentation Groundtruths/a. Training Set/1. Microaneurysms/IDRiD_45_MA.tif,data/raw/idrid/A. Segmentation/2. All Segmentation Groundtruths/a. Training Set/2. Haemorrhages/IDRiD_45_HE.tif,data/raw/idrid/A. Segmentation/2. All Segmentation Groundtruths/a. Training Set/3. Hard Exudates/IDRiD_45_EX.tif,
IDRiD_53,data/raw/idrid/A. Segmentation/1. Original Images/a. Training Set/IDRiD_53.jpg,train,data/raw/idrid/A. Segmentation/2. All Segmentation Groundtruths/a. Training Set/1. Microaneurysms/IDRiD_53_MA.tif,data/raw/idrid/A. Segmentation/2. All Segmentation Groundtruths/a. Training Set/2. Haemorrhages/IDRiD_53_HE.tif,data/raw/idrid/A. Segmentation/2. All Segmentation Groundtruths/a. Training Set/3. Hard Exudates/IDRiD_53_EX.tif,data/raw/idrid/A. Segmentation/2. All Segmentation Groundtruths/a. Training Set/4. Soft Exudates/IDRiD_53_SE.tif
IDRiD_47,data/raw/idrid/A. Segmentation/1. Original Images/a. Training Set/IDRiD_47.jpg,train,data/raw/idrid/A. Segmentation/2. All Segmentation Groundtruths/a. Training Set/1. Microaneurysms/IDRiD_47_MA.tif,data/raw/idrid/A. Segmentation/2. All Segmentation Groundtruths/a. Training Set/2. Haemorrhages/IDRiD_47_HE.tif,data/raw/idrid/A. Segmentation/2. All Segmentation Groundtruths/a. Training Set/3. Hard Exudates/IDRiD_47_EX.tif,data/raw/idrid/A. Segmentation/2. All Segmentation Groundtruths/a. Training Set/4. Soft Exudates/IDRiD_47_SE.tif
IDRiD_46,data/raw/idrid/A. Segmentation/1. Original Images/a. Training Set/IDRiD_46.jpg,train,data/raw/idrid/A. Segmentation/2. All Segmentation Groundtruths/a. Training Set/1. Microaneurysms/IDRiD_46_MA.tif,data/raw/idrid/A. Segmentation/2. All Segmentation Groundtruths/a. Training Set/2. Haemorrhages/IDRiD_46_HE.tif,data/raw/idrid/A. Segmentation/2. All Segmentation Groundtruths/a. Training Set/3. Hard Exudates/IDRiD_46_EX.tif,data/raw/idrid/A. Segmentation/2. All Segmentation Groundtruths/a. Training Set/4. Soft Exudates/IDRiD_46_SE.tif
IDRiD_52,data/raw/idrid/A. Segmentation/1. Original Images/a. Training Set/IDRiD_52.jpg,train,data/raw/idrid/A. Segmentation/2. All Segmentation Groundtruths/a. Training Set/1. Microaneurysms/IDRiD_52_MA.tif,data/raw/idrid/A. Segmentation/2. All Segmentation Groundtruths/a. Training Set/2. Haemorrhages/IDRiD_52_HE.tif,data/raw/idrid/A. Segmentation/2. All Segmentation Groundtruths/a. Training Set/3. Hard Exudates/IDRiD_52_EX.tif,data/raw/idrid/A. Segmentation/2. All Segmentation Groundtruths/a. Training Set/4. Soft Exudates/IDRiD_52_SE.tif
IDRiD_42,data/raw/idrid/A. Segmentation/1. Original Images/a. Training Set/IDRiD_42.jpg,train,data/raw/idrid/A. Segmentation/2. All Segmentation Groundtruths/a. Training Set/1. Microaneurysms/IDRiD_42_MA.tif,data/raw/idrid/A. Segmentation/2. All Segmentation Groundtruths/a. Training Set/2. Haemorrhages/IDRiD_42_HE.tif,data/raw/idrid/A. Segmentation/2. All Segmentation Groundtruths/a. Training Set/3. Hard Exudates/IDRiD_42_EX.tif,
IDRiD_43,data/raw/idrid/A. Segmentation/1. Original Images/a. Training Set/IDRiD_43.jpg,train,data/raw/idrid/A. Segmentation/2. All Segmentation Groundtruths/a. Training Set/1. Microaneurysms/IDRiD_43_MA.tif,,data/raw/idrid/A. Segmentation/2. All Segmentation Groundtruths/a. Training Set/3. Hard Exudates/IDRiD_43_EX.tif,
IDRiD_41,data/raw/idrid/A. Segmentation/1. Original Images/a. Training Set/IDRiD_41.jpg,train,data/raw/idrid/A. Segmentation/2. All Segmentation Groundtruths/a. Training Set/1. Microaneurysms/IDRiD_41_MA.tif,data/raw/idrid/A. Segmentation/2. All Segmentation Groundtruths/a. Training Set/2. Haemorrhages/IDRiD_41_HE.tif,data/raw/idrid/A. Segmentation/2. All Segmentation Groundtruths/a. Training Set/3. Hard Exudates/IDRiD_41_EX.tif,
IDRiD_54,data/raw/idrid/A. Segmentation/1. Original Images/a. Training Set/IDRiD_54.jpg,train,data/raw/idrid/A. Segmentation/2. All Segmentation Groundtruths/a. Training Set/1. Microaneurysms/IDRiD_54_MA.tif,data/raw/idrid/A. Segmentation/2. All Segmentation Groundtruths/a. Training Set/2. Haemorrhages/IDRiD_54_HE.tif,data/raw/idrid/A. Segmentation/2. All Segmentation Groundtruths/a. Training Set/3. Hard Exudates/IDRiD_54_EX.tif,data/raw/idrid/A. Segmentation/2. All Segmentation Groundtruths/a. Training Set/4. Soft Exudates/IDRiD_54_SE.tif
IDRiD_40,data/raw/idrid/A. Segmentation/1. Original Images/a. Training Set/IDRiD_40.jpg,train,data/raw/idrid/A. Segmentation/2. All Segmentation Groundtruths/a. Training Set/1. Microaneurysms/IDRiD_40_MA.tif,data/raw/idrid/A. Segmentation/2. All Segmentation Groundtruths/a. Training Set/2. Haemorrhages/IDRiD_40_HE.tif,data/raw/idrid/A. Segmentation/2. All Segmentation Groundtruths/a. Training Set/3. Hard Exudates/IDRiD_40_EX.tif,
IDRiD_48,data/raw/idrid/A. Segmentation/1. Original Images/a. Training Set/IDRiD_48.jpg,train,data/raw/idrid/A. Segmentation/2. All Segmentation Groundtruths/a. Training Set/1. Microaneurysms/IDRiD_48_MA.tif,data/raw/idrid/A. Segmentation/2. All Segmentation Groundtruths/a. Training Set/2. Haemorrhages/IDRiD_48_HE.tif,data/raw/idrid/A. Segmentation/2. All Segmentation Groundtruths/a. Training Set/3. Hard Exudates/IDRiD_48_EX.tif,data/raw/idrid/A. Segmentation/2. All Segmentation Groundtruths/a. Training Set/4. Soft Exudates/IDRiD_48_SE.tif
IDRiD_49,data/raw/idrid/A. Segmentation/1. Original Images/a. Training Set/IDRiD_49.jpg,train,data/raw/idrid/A. Segmentation/2. All Segmentation Groundtruths/a. Training Set/1. Microaneurysms/IDRiD_49_MA.tif,data/raw/idrid/A. Segmentation/2. All Segmentation Groundtruths/a. Training Set/2. Haemorrhages/IDRiD_49_HE.tif,data/raw/idrid/A. Segmentation/2. All Segmentation Groundtruths/a. Training Set/3. Hard Exudates/IDRiD_49_EX.tif,data/raw/idrid/A. Segmentation/2. All Segmentation Groundtruths/a. Training Set/4. Soft Exudates/IDRiD_49_SE.tif
IDRiD_06,data/raw/idrid/A. Segmentation/1. Original Images/a. Training Set/IDRiD_06.jpg,train,data/raw/idrid/A. Segmentation/2. All Segmentation Groundtruths/a. Training Set/1. Microaneurysms/IDRiD_06_MA.tif,data/raw/idrid/A. Segmentation/2. All Segmentation Groundtruths/a. Training Set/2. Haemorrhages/IDRiD_06_HE.tif,data/raw/idrid/A. Segmentation/2. All Segmentation Groundtruths/a. Training Set/3. Hard Exudates/IDRiD_06_EX.tif,
IDRiD_12,data/raw/idrid/A. Segmentation/1. Original Images/a. Training Set/IDRiD_12.jpg,train,data/raw/idrid/A. Segmentation/2. All Segmentation Groundtruths/a. Training Set/1. Microaneurysms/IDRiD_12_MA.tif,data/raw/idrid/A. Segmentation/2. All Segmentation Groundtruths/a. Training Set/2. Haemorrhages/IDRiD_12_HE.tif,data/raw/idrid/A. Segmentation/2. All Segmentation Groundtruths/a. Training Set/3. Hard Exudates/IDRiD_12_EX.tif,
IDRiD_13,data/raw/idrid/A. Segmentation/1. Original Images/a. Training Set/IDRiD_13.jpg,train,data/raw/idrid/A. Segmentation/2. All Segmentation Groundtruths/a. Training Set/1. Microaneurysms/IDRiD_13_MA.tif,data/raw/idrid/A. Segmentation/2. All Segmentation Groundtruths/a. Training Set/2. Haemorrhages/IDRiD_13_HE.tif,data/raw/idrid/A. Segmentation/2. All Segmentation Groundtruths/a. Training Set/3. Hard Exudates/IDRiD_13_EX.tif,data/raw/idrid/A. Segmentation/2. All Segmentation Groundtruths/a. Training Set/4. Soft Exudates/IDRiD_13_SE.tif
IDRiD_07,data/raw/idrid/A. Segmentation/1. Original Images/a. Training Set/IDRiD_07.jpg,train,data/raw/idrid/A. Segmentation/2. All Segmentation Groundtruths/a. Training Set/1. Microaneurysms/IDRiD_07_MA.tif,data/raw/idrid/A. Segmentation/2. All Segmentation Groundtruths/a. Training Set/2. Haemorrhages/IDRiD_07_HE.tif,data/raw/idrid/A. Segmentation/2. All Segmentation Groundtruths/a. Training Set/3. Hard Exudates/IDRiD_07_EX.tif,
IDRiD_39,data/raw/idrid/A. Segmentation/1. Original Images/a. Training Set/IDRiD_39.jpg,train,data/raw/idrid/A. Segmentation/2. All Segmentation Groundtruths/a. Training Set/1. Microaneurysms/IDRiD_39_MA.tif,data/raw/idrid/A. Segmentation/2. All Segmentation Groundtruths/a. Training Set/2. Haemorrhages/IDRiD_39_HE.tif,data/raw/idrid/A. Segmentation/2. All Segmentation Groundtruths/a. Training Set/3. Hard Exudates/IDRiD_39_EX.tif,data/raw/idrid/A. Segmentation/2. All Segmentation Groundtruths/a. Training Set/4. Soft Exudates/IDRiD_39_SE.tif
IDRiD_11,data/raw/idrid/A. Segmentation/1. Original Images/a. Training Set/IDRiD_11.jpg,train,data/raw/idrid/A. Segmentation/2. All Segmentation Groundtruths/a. Training Set/1. Microaneurysms/IDRiD_11_MA.tif,data/raw/idrid/A. Segmentation/2. All Segmentation Groundtruths/a. Training Set/2. Haemorrhages/IDRiD_11_HE.tif,data/raw/idrid/A. Segmentation/2. All Segmentation Groundtruths/a. Training Set/3. Hard Exudates/IDRiD_11_EX.tif,
IDRiD_05,data/raw/idrid/A. Segmentation/1. Original Images/a. Training Set/IDRiD_05.jpg,train,data/raw/idrid/A. Segmentation/2. All Segmentation Groundtruths/a. Training Set/1. Microaneurysms/IDRiD_05_MA.tif,data/raw/idrid/A. Segmentation/2. All Segmentation Groundtruths/a. Training Set/2. Haemorrhages/IDRiD_05_HE.tif,data/raw/idrid/A. Segmentation/2. All Segmentation Groundtruths/a. Training Set/3. Hard Exudates/IDRiD_05_EX.tif,
IDRiD_04,data/raw/idrid/A. Segmentation/1. Original Images/a. Training Set/IDRiD_04.jpg,train,data/raw/idrid/A. Segmentation/2. All Segmentation Groundtruths/a. Training Set/1. Microaneurysms/IDRiD_04_MA.tif,data/raw/idrid/A. Segmentation/2. All Segmentation Groundtruths/a. Training Set/2. Haemorrhages/IDRiD_04_HE.tif,data/raw/idrid/A. Segmentation/2. All Segmentation Groundtruths/a. Training Set/3. Hard Exudates/IDRiD_04_EX.tif,
IDRiD_10,data/raw/idrid/A. Segmentation/1. Original Images/a. Training Set/IDRiD_10.jpg,train,data/raw/idrid/A. Segmentation/2. All Segmentation Groundtruths/a. Training Set/1. Microaneurysms/IDRiD_10_MA.tif,data/raw/idrid/A. Segmentation/2. All Segmentation Groundtruths/a. Training Set/2. Haemorrhages/IDRiD_10_HE.tif,data/raw/idrid/A. Segmentation/2. All Segmentation Groundtruths/a. Training Set/3. Hard Exudates/IDRiD_10_EX.tif,
IDRiD_38,data/raw/idrid/A. Segmentation/1. Original Images/a. Training Set/IDRiD_38.jpg,train,data/raw/idrid/A. Segmentation/2. All Segmentation Groundtruths/a. Training Set/1. Microaneurysms/IDRiD_38_MA.tif,data/raw/idrid/A. Segmentation/2. All Segmentation Groundtruths/a. Training Set/2. Haemorrhages/IDRiD_38_HE.tif,data/raw/idrid/A. Segmentation/2. All Segmentation Groundtruths/a. Training Set/3. Hard Exudates/IDRiD_38_EX.tif,data/raw/idrid/A. Segmentation/2. All Segmentation Groundtruths/a. Training Set/4. Soft Exudates/IDRiD_38_SE.tif
IDRiD_14,data/raw/idrid/A. Segmentation/1. Original Images/a. Training Set/IDRiD_14.jpg,train,data/raw/idrid/A. Segmentation/2. All Segmentation Groundtruths/a. Training Set/1. Microaneurysms/IDRiD_14_MA.tif,data/raw/idrid/A. Segmentation/2. All Segmentation Groundtruths/a. Training Set/2. Haemorrhages/IDRiD_14_HE.tif,data/raw/idrid/A. Segmentation/2. All Segmentation Groundtruths/a. Training Set/3. Hard Exudates/IDRiD_14_EX.tif,data/raw/idrid/A. Segmentation/2. All Segmentation Groundtruths/a. Training Set/4. Soft Exudates/IDRiD_14_SE.tif
IDRiD_28,data/raw/idrid/A. Segmentation/1. Original Images/a. Training Set/IDRiD_28.jpg,train,data/raw/idrid/A. Segmentation/2. All Segmentation Groundtruths/a. Training Set/1. Microaneurysms/IDRiD_28_MA.tif,data/raw/idrid/A. Segmentation/2. All Segmentation Groundtruths/a. Training Set/2. Haemorrhages/IDRiD_28_HE.tif,data/raw/idrid/A. Segmentation/2. All Segmentation Groundtruths/a. Training Set/3. Hard Exudates/IDRiD_28_EX.tif,
IDRiD_29,data/raw/idrid/A. Segmentation/1. Original Images/a. Training Set/IDRiD_29.jpg,train,data/raw/idrid/A. Segmentation/2. All Segmentation Groundtruths/a. Training Set/1. Microaneurysms/IDRiD_29_MA.tif,data/raw/idrid/A. Segmentation/2. All Segmentation Groundtruths/a. Training Set/2. Haemorrhages/IDRiD_29_HE.tif,data/raw/idrid/A. Segmentation/2. All Segmentation Groundtruths/a. Training Set/3. Hard Exudates/IDRiD_29_EX.tif,
IDRiD_01,data/raw/idrid/A. Segmentation/1. Original Images/a. Training Set/IDRiD_01.jpg,train,data/raw/idrid/A. Segmentation/2. All Segmentation Groundtruths/a. Training Set/1. Microaneurysms/IDRiD_01_MA.tif,data/raw/idrid/A. Segmentation/2. All Segmentation Groundtruths/a. Training Set/2. Haemorrhages/IDRiD_01_HE.tif,data/raw/idrid/A. Segmentation/2. All Segmentation Groundtruths/a. Training Set/3. Hard Exudates/IDRiD_01_EX.tif,
IDRiD_15,data/raw/idrid/A. Segmentation/1. Original Images/a. Training Set/IDRiD_15.jpg,train,data/raw/idrid/A. Segmentation/2. All Segmentation Groundtruths/a. Training Set/1. Microaneurysms/IDRiD_15_MA.tif,data/raw/idrid/A. Segmentation/2. All Segmentation Groundtruths/a. Training Set/2. Haemorrhages/IDRiD_15_HE.tif,data/raw/idrid/A. Segmentation/2. All Segmentation Groundtruths/a. Training Set/3. Hard Exudates/IDRiD_15_EX.tif,
IDRiD_03,data/raw/idrid/A. Segmentation/1. Original Images/a. Training Set/IDRiD_03.jpg,train,data/raw/idrid/A. Segmentation/2. All Segmentation Groundtruths/a. Training Set/1. Microaneurysms/IDRiD_03_MA.tif,data/raw/idrid/A. Segmentation/2. All Segmentation Groundtruths/a. Training Set/2. Haemorrhages/IDRiD_03_HE.tif,data/raw/idrid/A. Segmentation/2. All Segmentation Groundtruths/a. Training Set/3. Hard Exudates/IDRiD_03_EX.tif,data/raw/idrid/A. Segmentation/2. All Segmentation Groundtruths/a. Training Set/4. Soft Exudates/IDRiD_03_SE.tif
IDRiD_17,data/raw/idrid/A. Segmentation/1. Original Images/a. Training Set/IDRiD_17.jpg,train,data/raw/idrid/A. Segmentation/2. All Segmentation Groundtruths/a. Training Set/1. Microaneurysms/IDRiD_17_MA.tif,data/raw/idrid/A. Segmentation/2. All Segmentation Groundtruths/a. Training Set/2. Haemorrhages/IDRiD_17_HE.tif,data/raw/idrid/A. Segmentation/2. All Segmentation Groundtruths/a. Training Set/3. Hard Exudates/IDRiD_17_EX.tif,data/raw/idrid/A. Segmentation/2. All Segmentation Groundtruths/a. Training Set/4. Soft Exudates/IDRiD_17_SE.tif
IDRiD_16,data/raw/idrid/A. Segmentation/1. Original Images/a. Training Set/IDRiD_16.jpg,train,data/raw/idrid/A. Segmentation/2. All Segmentation Groundtruths/a. Training Set/1. Microaneurysms/IDRiD_16_MA.tif,data/raw/idrid/A. Segmentation/2. All Segmentation Groundtruths/a. Training Set/2. Haemorrhages/IDRiD_16_HE.tif,data/raw/idrid/A. Segmentation/2. All Segmentation Groundtruths/a. Training Set/3. Hard Exudates/IDRiD_16_EX.tif,
IDRiD_02,data/raw/idrid/A. Segmentation/1. Original Images/a. Training Set/IDRiD_02.jpg,train,data/raw/idrid/A. Segmentation/2. All Segmentation Groundtruths/a. Training Set/1. Microaneurysms/IDRiD_02_MA.tif,data/raw/idrid/A. Segmentation/2. All Segmentation Groundtruths/a. Training Set/2. Haemorrhages/IDRiD_02_HE.tif,data/raw/idrid/A. Segmentation/2. All Segmentation Groundtruths/a. Training Set/3. Hard Exudates/IDRiD_02_EX.tif,
IDRiD_78,data/raw/idrid/A. Segmentation/1. Original Images/b. Testing Set/IDRiD_78.jpg,test,data/raw/idrid/A. Segmentation/2. All Segmentation Groundtruths/b. Testing Set/1. Microaneurysms/IDRiD_78_MA.tif,data/raw/idrid/A. Segmentation/2. All Segmentation Groundtruths/b. Testing Set/2. Haemorrhages/IDRiD_78_HE.tif,data/raw/idrid/A. Segmentation/2. All Segmentation Groundtruths/b. Testing Set/3. Hard Exudates/IDRiD_78_EX.tif,
IDRiD_79,data/raw/idrid/A. Segmentation/1. Original Images/b. Testing Set/IDRiD_79.jpg,test,data/raw/idrid/A. Segmentation/2. All Segmentation Groundtruths/b. Testing Set/1. Microaneurysms/IDRiD_79_MA.tif,data/raw/idrid/A. Segmentation/2. All Segmentation Groundtruths/b. Testing Set/2. Haemorrhages/IDRiD_79_HE.tif,data/raw/idrid/A. Segmentation/2. All Segmentation Groundtruths/b. Testing Set/3. Hard Exudates/IDRiD_79_EX.tif,
IDRiD_56,data/raw/idrid/A. Segmentation/1. Original Images/b. Testing Set/IDRiD_56.jpg,test,data/raw/idrid/A. Segmentation/2. All Segmentation Groundtruths/b. Testing Set/1. Microaneurysms/IDRiD_56_MA.tif,data/raw/idrid/A. Segmentation/2. All Segmentation Groundtruths/b. Testing Set/2. Haemorrhages/IDRiD_56_HE.tif,data/raw/idrid/A. Segmentation/2. All Segmentation Groundtruths/b. Testing Set/3. Hard Exudates/IDRiD_56_EX.tif,data/raw/idrid/A. Segmentation/2. All Segmentation Groundtruths/b. Testing Set/4. Soft Exudates/IDRiD_56_SE.tif
IDRiD_81,data/raw/idrid/A. Segmentation/1. Original Images/b. Testing Set/IDRiD_81.jpg,test,data/raw/idrid/A. Segmentation/2. All Segmentation Groundtruths/b. Testing Set/1. Microaneurysms/IDRiD_81_MA.tif,data/raw/idrid/A. Segmentation/2. All Segmentation Groundtruths/b. Testing Set/2. Haemorrhages/IDRiD_81_HE.tif,data/raw/idrid/A. Segmentation/2. All Segmentation Groundtruths/b. Testing Set/3. Hard Exudates/IDRiD_81_EX.tif,
IDRiD_80,data/raw/idrid/A. Segmentation/1. Original Images/b. Testing Set/IDRiD_80.jpg,test,data/raw/idrid/A. Segmentation/2. All Segmentation Groundtruths/b. Testing Set/1. Microaneurysms/IDRiD_80_MA.tif,data/raw/idrid/A. Segmentation/2. All Segmentation Groundtruths/b. Testing Set/2. Haemorrhages/IDRiD_80_HE.tif,data/raw/idrid/A. Segmentation/2. All Segmentation Groundtruths/b. Testing Set/3. Hard Exudates/IDRiD_80_EX.tif,
IDRiD_57,data/raw/idrid/A. Segmentation/1. Original Images/b. Testing Set/IDRiD_57.jpg,test,data/raw/idrid/A. Segmentation/2. All Segmentation Groundtruths/b. Testing Set/1. Microaneurysms/IDRiD_57_MA.tif,data/raw/idrid/A. Segmentation/2. All Segmentation Groundtruths/b. Testing Set/2. Haemorrhages/IDRiD_57_HE.tif,data/raw/idrid/A. Segmentation/2. All Segmentation Groundtruths/b. Testing Set/3. Hard Exudates/IDRiD_57_EX.tif,
IDRiD_55,data/raw/idrid/A. Segmentation/1. Original Images/b. Testing Set/IDRiD_55.jpg,test,data/raw/idrid/A. Segmentation/2. All Segmentation Groundtruths/b. Testing Set/1. Microaneurysms/IDRiD_55_MA.tif,data/raw/idrid/A. Segmentation/2. All Segmentation Groundtruths/b. Testing Set/2. Haemorrhages/IDRiD_55_HE.tif,data/raw/idrid/A. Segmentation/2. All Segmentation Groundtruths/b. Testing Set/3. Hard Exudates/IDRiD_55_EX.tif,data/raw/idrid/A. Segmentation/2. All Segmentation Groundtruths/b. Testing Set/4. Soft Exudates/IDRiD_55_SE.tif
IDRiD_69,data/raw/idrid/A. Segmentation/1. Original Images/b. Testing Set/IDRiD_69.jpg,test,data/raw/idrid/A. Segmentation/2. All Segmentation Groundtruths/b. Testing Set/1. Microaneurysms/IDRiD_69_MA.tif,data/raw/idrid/A. Segmentation/2. All Segmentation Groundtruths/b. Testing Set/2. Haemorrhages/IDRiD_69_HE.tif,data/raw/idrid/A. Segmentation/2. All Segmentation Groundtruths/b. Testing Set/3. Hard Exudates/IDRiD_69_EX.tif,
IDRiD_68,data/raw/idrid/A. Segmentation/1. Original Images/b. Testing Set/IDRiD_68.jpg,test,data/raw/idrid/A. Segmentation/2. All Segmentation Groundtruths/b. Testing Set/1. Microaneurysms/IDRiD_68_MA.tif,data/raw/idrid/A. Segmentation/2. All Segmentation Groundtruths/b. Testing Set/2. Haemorrhages/IDRiD_68_HE.tif,data/raw/idrid/A. Segmentation/2. All Segmentation Groundtruths/b. Testing Set/3. Hard Exudates/IDRiD_68_EX.tif,data/raw/idrid/A. Segmentation/2. All Segmentation Groundtruths/b. Testing Set/4. Soft Exudates/IDRiD_68_SE.tif
IDRiD_59,data/raw/idrid/A. Segmentation/1. Original Images/b. Testing Set/IDRiD_59.jpg,test,data/raw/idrid/A. Segmentation/2. All Segmentation Groundtruths/b. Testing Set/1. Microaneurysms/IDRiD_59_MA.tif,data/raw/idrid/A. Segmentation/2. All Segmentation Groundtruths/b. Testing Set/2. Haemorrhages/IDRiD_59_HE.tif,data/raw/idrid/A. Segmentation/2. All Segmentation Groundtruths/b. Testing Set/3. Hard Exudates/IDRiD_59_EX.tif,data/raw/idrid/A. Segmentation/2. All Segmentation Groundtruths/b. Testing Set/4. Soft Exudates/IDRiD_59_SE.tif
IDRiD_65,data/raw/idrid/A. Segmentation/1. Original Images/b. Testing Set/IDRiD_65.jpg,test,data/raw/idrid/A. Segmentation/2. All Segmentation Groundtruths/b. Testing Set/1. Microaneurysms/IDRiD_65_MA.tif,data/raw/idrid/A. Segmentation/2. All Segmentation Groundtruths/b. Testing Set/2. Haemorrhages/IDRiD_65_HE.tif,data/raw/idrid/A. Segmentation/2. All Segmentation Groundtruths/b. Testing Set/3. Hard Exudates/IDRiD_65_EX.tif,
IDRiD_71,data/raw/idrid/A. Segmentation/1. Original Images/b. Testing Set/IDRiD_71.jpg,test,data/raw/idrid/A. Segmentation/2. All Segmentation Groundtruths/b. Testing Set/1. Microaneurysms/IDRiD_71_MA.tif,data/raw/idrid/A. Segmentation/2. All Segmentation Groundtruths/b. Testing Set/2. Haemorrhages/IDRiD_71_HE.tif,data/raw/idrid/A. Segmentation/2. All Segmentation Groundtruths/b. Testing Set/3. Hard Exudates/IDRiD_71_EX.tif,data/raw/idrid/A. Segmentation/2. All Segmentation Groundtruths/b. Testing Set/4. Soft Exudates/IDRiD_71_SE.tif
IDRiD_70,data/raw/idrid/A. Segmentation/1. Original Images/b. Testing Set/IDRiD_70.jpg,test,data/raw/idrid/A. Segmentation/2. All Segmentation Groundtruths/b. Testing Set/1. Microaneurysms/IDRiD_70_MA.tif,data/raw/idrid/A. Segmentation/2. All Segmentation Groundtruths/b. Testing Set/2. Haemorrhages/IDRiD_70_HE.tif,data/raw/idrid/A. Segmentation/2. All Segmentation Groundtruths/b. Testing Set/3. Hard Exudates/IDRiD_70_EX.tif,data/raw/idrid/A. Segmentation/2. All Segmentation Groundtruths/b. Testing Set/4. Soft Exudates/IDRiD_70_SE.tif
IDRiD_64,data/raw/idrid/A. Segmentation/1. Original Images/b. Testing Set/IDRiD_64.jpg,test,data/raw/idrid/A. Segmentation/2. All Segmentation Groundtruths/b. Testing Set/1. Microaneurysms/IDRiD_64_MA.tif,data/raw/idrid/A. Segmentation/2. All Segmentation Groundtruths/b. Testing Set/2. Haemorrhages/IDRiD_64_HE.tif,data/raw/idrid/A. Segmentation/2. All Segmentation Groundtruths/b. Testing Set/3. Hard Exudates/IDRiD_64_EX.tif,data/raw/idrid/A. Segmentation/2. All Segmentation Groundtruths/b. Testing Set/4. Soft Exudates/IDRiD_64_SE.tif
IDRiD_58,data/raw/idrid/A. Segmentation/1. Original Images/b. Testing Set/IDRiD_58.jpg,test,data/raw/idrid/A. Segmentation/2. All Segmentation Groundtruths/b. Testing Set/1. Microaneurysms/IDRiD_58_MA.tif,data/raw/idrid/A. Segmentation/2. All Segmentation Groundtruths/b. Testing Set/2. Haemorrhages/IDRiD_58_HE.tif,data/raw/idrid/A. Segmentation/2. All Segmentation Groundtruths/b. Testing Set/3. Hard Exudates/IDRiD_58_EX.tif,
IDRiD_72,data/raw/idrid/A. Segmentation/1. Original Images/b. Testing Set/IDRiD_72.jpg,test,data/raw/idrid/A. Segmentation/2. All Segmentation Groundtruths/b. Testing Set/1. Microaneurysms/IDRiD_72_MA.tif,data/raw/idrid/A. Segmentation/2. All Segmentation Groundtruths/b. Testing Set/2. Haemorrhages/IDRiD_72_HE.tif,data/raw/idrid/A. Segmentation/2. All Segmentation Groundtruths/b. Testing Set/3. Hard Exudates/IDRiD_72_EX.tif,data/raw/idrid/A. Segmentation/2. All Segmentation Groundtruths/b. Testing Set/4. Soft Exudates/IDRiD_72_SE.tif
IDRiD_66,data/raw/idrid/A. Segmentation/1. Original Images/b. Testing Set/IDRiD_66.jpg,test,data/raw/idrid/A. Segmentation/2. All Segmentation Groundtruths/b. Testing Set/1. Microaneurysms/IDRiD_66_MA.tif,data/raw/idrid/A. Segmentation/2. All Segmentation Groundtruths/b. Testing Set/2. Haemorrhages/IDRiD_66_HE.tif,data/raw/idrid/A. Segmentation/2. All Segmentation Groundtruths/b. Testing Set/3. Hard Exudates/IDRiD_66_EX.tif,
IDRiD_67,data/raw/idrid/A. Segmentation/1. Original Images/b. Testing Set/IDRiD_67.jpg,test,data/raw/idrid/A. Segmentation/2. All Segmentation Groundtruths/b. Testing Set/1. Microaneurysms/IDRiD_67_MA.tif,data/raw/idrid/A. Segmentation/2. All Segmentation Groundtruths/b. Testing Set/2. Haemorrhages/IDRiD_67_HE.tif,data/raw/idrid/A. Segmentation/2. All Segmentation Groundtruths/b. Testing Set/3. Hard Exudates/IDRiD_67_EX.tif,data/raw/idrid/A. Segmentation/2. All Segmentation Groundtruths/b. Testing Set/4. Soft Exudates/IDRiD_67_SE.tif
IDRiD_73,data/raw/idrid/A. Segmentation/1. Original Images/b. Testing Set/IDRiD_73.jpg,test,data/raw/idrid/A. Segmentation/2. All Segmentation Groundtruths/b. Testing Set/1. Microaneurysms/IDRiD_73_MA.tif,data/raw/idrid/A. Segmentation/2. All Segmentation Groundtruths/b. Testing Set/2. Haemorrhages/IDRiD_73_HE.tif,data/raw/idrid/A. Segmentation/2. All Segmentation Groundtruths/b. Testing Set/3. Hard Exudates/IDRiD_73_EX.tif,data/raw/idrid/A. Segmentation/2. All Segmentation Groundtruths/b. Testing Set/4. Soft Exudates/IDRiD_73_SE.tif
IDRiD_77,data/raw/idrid/A. Segmentation/1. Original Images/b. Testing Set/IDRiD_77.jpg,test,data/raw/idrid/A. Segmentation/2. All Segmentation Groundtruths/b. Testing Set/1. Microaneurysms/IDRiD_77_MA.tif,data/raw/idrid/A. Segmentation/2. All Segmentation Groundtruths/b. Testing Set/2. Haemorrhages/IDRiD_77_HE.tif,data/raw/idrid/A. Segmentation/2. All Segmentation Groundtruths/b. Testing Set/3. Hard Exudates/IDRiD_77_EX.tif,
IDRiD_63,data/raw/idrid/A. Segmentation/1. Original Images/b. Testing Set/IDRiD_63.jpg,test,data/raw/idrid/A. Segmentation/2. All Segmentation Groundtruths/b. Testing Set/1. Microaneurysms/IDRiD_63_MA.tif,data/raw/idrid/A. Segmentation/2. All Segmentation Groundtruths/b. Testing Set/2. Haemorrhages/IDRiD_63_HE.tif,data/raw/idrid/A. Segmentation/2. All Segmentation Groundtruths/b. Testing Set/3. Hard Exudates/IDRiD_63_EX.tif,
IDRiD_62,data/raw/idrid/A. Segmentation/1. Original Images/b. Testing Set/IDRiD_62.jpg,test,data/raw/idrid/A. Segmentation/2. All Segmentation Groundtruths/b. Testing Set/1. Microaneurysms/IDRiD_62_MA.tif,data/raw/idrid/A. Segmentation/2. All Segmentation Groundtruths/b. Testing Set/2. Haemorrhages/IDRiD_62_HE.tif,data/raw/idrid/A. Segmentation/2. All Segmentation Groundtruths/b. Testing Set/3. Hard Exudates/IDRiD_62_EX.tif,
IDRiD_76,data/raw/idrid/A. Segmentation/1. Original Images/b. Testing Set/IDRiD_76.jpg,test,data/raw/idrid/A. Segmentation/2. All Segmentation Groundtruths/b. Testing Set/1. Microaneurysms/IDRiD_76_MA.tif,data/raw/idrid/A. Segmentation/2. All Segmentation Groundtruths/b. Testing Set/2. Haemorrhages/IDRiD_76_HE.tif,data/raw/idrid/A. Segmentation/2. All Segmentation Groundtruths/b. Testing Set/3. Hard Exudates/IDRiD_76_EX.tif,
IDRiD_60,data/raw/idrid/A. Segmentation/1. Original Images/b. Testing Set/IDRiD_60.jpg,test,data/raw/idrid/A. Segmentation/2. All Segmentation Groundtruths/b. Testing Set/1. Microaneurysms/IDRiD_60_MA.tif,data/raw/idrid/A. Segmentation/2. All Segmentation Groundtruths/b. Testing Set/2. Haemorrhages/IDRiD_60_HE.tif,data/raw/idrid/A. Segmentation/2. All Segmentation Groundtruths/b. Testing Set/3. Hard Exudates/IDRiD_60_EX.tif,data/raw/idrid/A. Segmentation/2. All Segmentation Groundtruths/b. Testing Set/4. Soft Exudates/IDRiD_60_SE.tif
IDRiD_74,data/raw/idrid/A. Segmentation/1. Original Images/b. Testing Set/IDRiD_74.jpg,test,data/raw/idrid/A. Segmentation/2. All Segmentation Groundtruths/b. Testing Set/1. Microaneurysms/IDRiD_74_MA.tif,data/raw/idrid/A. Segmentation/2. All Segmentation Groundtruths/b. Testing Set/2. Haemorrhages/IDRiD_74_HE.tif,data/raw/idrid/A. Segmentation/2. All Segmentation Groundtruths/b. Testing Set/3. Hard Exudates/IDRiD_74_EX.tif,data/raw/idrid/A. Segmentation/2. All Segmentation Groundtruths/b. Testing Set/4. Soft Exudates/IDRiD_74_SE.tif
IDRiD_75,data/raw/idrid/A. Segmentation/1. Original Images/b. Testing Set/IDRiD_75.jpg,test,data/raw/idrid/A. Segmentation/2. All Segmentation Groundtruths/b. Testing Set/1. Microaneurysms/IDRiD_75_MA.tif,data/raw/idrid/A. Segmentation/2. All Segmentation Groundtruths/b. Testing Set/2. Haemorrhages/IDRiD_75_HE.tif,data/raw/idrid/A. Segmentation/2. All Segmentation Groundtruths/b. Testing Set/3. Hard Exudates/IDRiD_75_EX.tif,data/raw/idrid/A. Segmentation/2. All Segmentation Groundtruths/b. Testing Set/4. Soft Exudates/IDRiD_75_SE.tif
IDRiD_61,data/raw/idrid/A. Segmentation/1. Original Images/b. Testing Set/IDRiD_61.jpg,test,data/raw/idrid/A. Segmentation/2. All Segmentation Groundtruths/b. Testing Set/1. Microaneurysms/IDRiD_61_MA.tif,data/raw/idrid/A. Segmentation/2. All Segmentation Groundtruths/b. Testing Set/2. Haemorrhages/IDRiD_61_HE.tif,data/raw/idrid/A. Segmentation/2. All Segmentation Groundtruths/b. Testing Set/3. Hard Exudates/IDRiD_61_EX.tif,data/raw/idrid/A. Segmentation/2. All Segmentation Groundtruths/b. Testing Set/4. Soft Exudates/IDRiD_61_SE.tif
